<?xml version="1.0" encoding="UTF-8"?>
<project-private xmlns="http://www.netbeans.org/ns/project-private/1">
    <editor-bookmarks xmlns="http://www.netbeans.org/ns/editor-bookmarks/2" lastBookmarkId="0"/>
    <open-files xmlns="http://www.netbeans.org/ns/projectui-open-files/2">
        <group>
            <file>file:/D:/KULIAH%20INFORMATIKA/BAHASA%20PEMROGRAMAN/Pelatihan%20Java%20dan%20Praktikum%20Java/PROJEKSEM3/src/projeksem3/controllerpengecekandata.java</file>
            <file>file:/D:/KULIAH%20INFORMATIKA/BAHASA%20PEMROGRAMAN/Pelatihan%20Java%20dan%20Praktikum%20Java/PROJEKSEM3/src/projeksem3/modinterfacepemmotor.java</file>
            <file>file:/D:/KULIAH%20INFORMATIKA/BAHASA%20PEMROGRAMAN/Pelatihan%20Java%20dan%20Praktikum%20Java/PROJEKSEM3/src/projeksem3/viewawal.java</file>
            <file>file:/D:/KULIAH%20INFORMATIKA/BAHASA%20PEMROGRAMAN/Pelatihan%20Java%20dan%20Praktikum%20Java/PROJEKSEM3/src/projeksem3/modberkaskendaraan.java</file>
            <file>file:/D:/KULIAH%20INFORMATIKA/BAHASA%20PEMROGRAMAN/Pelatihan%20Java%20dan%20Praktikum%20Java/PROJEKSEM3/src/projeksem3/viewputberkaskendaraan.java</file>
            <file>file:/D:/KULIAH%20INFORMATIKA/BAHASA%20PEMROGRAMAN/Pelatihan%20Java%20dan%20Praktikum%20Java/PROJEKSEM3/src/projeksem3/controllerberkaskendaraan.java</file>
            <file>file:/D:/KULIAH%20INFORMATIKA/BAHASA%20PEMROGRAMAN/Pelatihan%20Java%20dan%20Praktikum%20Java/PROJEKSEM3/src/projeksem3/modinterfacemobil.java</file>
            <file>file:/D:/KULIAH%20INFORMATIKA/BAHASA%20PEMROGRAMAN/Pelatihan%20Java%20dan%20Praktikum%20Java/PROJEKSEM3/src/projeksem3/viewlogin.java</file>
            <file>file:/D:/KULIAH%20INFORMATIKA/BAHASA%20PEMROGRAMAN/Pelatihan%20Java%20dan%20Praktikum%20Java/PROJEKSEM3/src/projeksem3/PROJEKSEM3.java</file>
            <file>file:/D:/KULIAH%20INFORMATIKA/BAHASA%20PEMROGRAMAN/Pelatihan%20Java%20dan%20Praktikum%20Java/PROJEKSEM3/src/projeksem3/controllersignup.java</file>
            <file>file:/D:/KULIAH%20INFORMATIKA/BAHASA%20PEMROGRAMAN/Pelatihan%20Java%20dan%20Praktikum%20Java/PROJEKSEM3/src/projeksem3/viewtampilberkas.java</file>
            <file>file:/D:/KULIAH%20INFORMATIKA/BAHASA%20PEMROGRAMAN/Pelatihan%20Java%20dan%20Praktikum%20Java/PROJEKSEM3/src/projeksem3/viewloginkaryawan.java</file>
            <file>file:/D:/KULIAH%20INFORMATIKA/BAHASA%20PEMROGRAMAN/Pelatihan%20Java%20dan%20Praktikum%20Java/PROJEKSEM3/src/projeksem3/viewsignup.java</file>
        </group>
    </open-files>
</project-private>
